Workbook
Name Slicer_HE: #N/A
Name Slicer_Season: #N/A

Sheet Detail1
A1: Details for Average of Anteil NH3-Emission - Stall: 1, Umtrieb: Apr-24 (+)
A3: Stall | B3: HE | C3: Season | D3: Umtrieb | E3: Einstalldatum | F3: Ausstalldatum | G3: Mastdauer | H3: Anzahl Tiere eingestallt | I3: Anzahl Tiere ausgestallt | J3: Abgänge | K3: Netto eingestallt_kg | L3: Netto ausgestallt_kg | M3: Abgänge Netto_kg | N3: Futter_1_kg | O3: Futter_2_kg | P3: Futter_3_kg | Q3: Futter_total_kg | R3: FV | S3: N_Futter_1_lg | T3: N_Futter_2_kg | U3: N_Futter_3_kg | V3: Total N_Futter_kg | W3: N_eingestallt_kg | X3: N_geschlachtet_kg | Y3: N_Produziert_kg | Z3: N_ausgeschieden_kg | AA3: N_ausgeschieden pro Tier_g | AB3: N_Ausscheidung pro Tier und Jahr_g | AC3: TAN | AD3: NH3-N_gemäss Agrammon_g | AE3: NH3_gemessen_pro_Tier_g | AF3: NH3-N_gemessen_pro_Tier_g | AG3: NH3_gemessen_pro Tier und Jahr_g | AH3: NH3-N_gemessen_pro Tier und Jahr_g | AI3: Anteil NH3-Emission | AJ3: Umtrieb-Stall | AK3: order
A4: 1 | B4: 0 | C4: Winter | D4: Feb-24 | E4: 45316 | F4: 28.02.2024 | G4: 35 | H4: 8640 | I4: 8440 | J4: 200 | K4: 345.6 | L4: 17458.08 | M4: 120 | N4: 2040 | O4: 8520 | P4: 15160 | Q4: 25720 | R4: 1.4732433 | S4: 66.4224 | T4: 261.47539 | U4: 458.68096 | V4: 786.57875 | W4: 9.91872 | X4: 501.0469 | Y4: 491.12818 | Z4: 295.45058 | AA4: 35.324077 | AB4: 300.25465 | AC4: 180.15279 | AD4: 35.650235 | AE4: 2.4 | AF4: 2.08788 | AG4: 21.59 | AH4: 17.74698 | AI4: 0.098510714 | AJ4: Feb-24-1 | AK4: 1
A5: 1 | B5: 0 | C5: Winter | D5: Dec-24 | E5: 45646 | F5: 23.01.2025 | G5: 35 | H5: 8650 | I5: 8252 | J5: 398 | K5: 346 | L5: 17204.84 | M5: 238.8 | N5: 2080 | O5: 6960 | P5: 15820 | Q5: 24860 | R5: 1.4449422 | S5: 67.7248 | T5: 213.59962 | U5: 478.64992 | V5: 759.97434 | W5: 9.9302 | X5: 493.77891 | Y5: 483.84871 | Z5: 276.12563 | AA5: 33.461661 | AB5: 284.42412 | AC5: 170.65447 | AD5: 33.770624 | AE5: 2.29 | AF5: 1.88238 | AG5: 19.465 | AH5: 16.00023 | AI5: 0.093758047 | AJ5: Dec-24-1 | AK5: 7
A6: 1 | B6: 0 | C6: Übergang | D6: Apr-24 | E6: 45400 | F6: 22.05.2024 | G6: 35 | H6: 8640 | I6: 8261 | J6: 379 | K6: 345.6 | L6: 17631.68 | M6: 227.4 | N6: 2040 | O6: 12000 | P6: 10920 | Q6: 24960 | R6: 1.4156337 | S6: 66.4224 | T6: 368.2752 | U6: 330.39552 | V6: 765.09312 | W6: 9.91872 | X6: 506.02922 | Y6: 496.1105 | Z6: 268.98262 | AA6: 32.56054 | AB6: 276.76459 | AC6: 166.05876 | AD6: 32.861183 | AE6: 1.98 | AF6: 1.62756 | AG6: 16.83 | AH6: 13.83426 | AI6: 0.083309428 | AJ6: Apr-24-1 | AK6: 3
A7: 1 | B7: 0 | C7: Sommer | D7: Jul-24 | E7: 45483 | F7: 13.08.2024 | G7: 35 | H7: 8650 | I7: 8235 | J7: 415 | K7: 346 | L7: 15993.64 | M7: 249 | N7: 1880 | O7: 11820 | P7: 9360 | Q7: 23060 | R7: 1.4418231 | S7: 61.2128 | T7: 362.75107 | U7: 283.19616 | V7: 707.16003 | W7: 9.9302 | X7: 459.01747 | Y7: 449.08727 | Z7: 258.07276 | AA7: 31.338526 | AB7: 266.37747 | AC7: 159.82648 | AD7: 31.627885 | AE7: 3.85 | AF7: 3.1647 | AG7: 32.725 | AH7: 26.89995 | AI7: 0.16830721 | AJ7: Jul-24-1 | AK7: 5

Sheet Detail2
A1: Details for Average of Anteil NH3-Emission - Stall: 1
A3: Stall | B3: HE | C3: Season | D3: Umtrieb | E3: Einstalldatum | F3: Ausstalldatum | G3: Mastdauer | H3: Anzahl Tiere eingestallt | I3: Anzahl Tiere ausgestallt | J3: Abgänge | K3: Netto eingestallt_kg | L3: Netto ausgestallt_kg | M3: Abgänge Netto_kg | N3: Futter_1_kg | O3: Futter_2_kg | P3: Futter_3_kg | Q3: Futter_total_kg | R3: FV | S3: N_Futter_1_lg | T3: N_Futter_2_kg | U3: N_Futter_3_kg | V3: Total N_Futter_kg | W3: N_eingestallt_kg | X3: N_geschlachtet_kg | Y3: N_Produziert_kg | Z3: N_ausgeschieden_kg | AA3: N_ausgeschieden pro Tier_g | AB3: N_Ausscheidung pro Tier und Jahr_g | AC3: TAN | AD3: NH3-N_gemäss Agrammon_g | AE3: NH3_gemessen_pro_Tier_g | AF3: NH3-N_gemessen_pro_Tier_g | AG3: NH3_gemessen_pro Tier und Jahr_g | AH3: NH3-N_gemessen_pro Tier und Jahr_g | AI3: Anteil NH3-Emission | AJ3: Umtrieb-Stall | AK3: order
A4: 1 | B4: 0 | C4: Winter | D4: Feb-24 | E4: 45316 | F4: 28.02.2024 | G4: 35 | H4: 8640 | I4: 8440 | J4: 200 | K4: 345.6 | L4: 17458.08 | M4: 120 | N4: 2040 | O4: 8520 | P4: 15160 | Q4: 25720 | R4: 1.4732433 | S4: 66.4224 | T4: 261.47539 | U4: 458.68096 | V4: 786.57875 | W4: 9.91872 | X4: 501.0469 | Y4: 491.12818 | Z4: 295.45058 | AA4: 35.324077 | AB4: 300.25465 | AC4: 180.15279 | AD4: 35.650235 | AE4: 2.54 | AF4: 2.08788 | AG4: 21.59 | AH4: 17.74698 | AI4: 0.098510714 | AJ4: Feb-24-1 | AK4: 1
A5: 1 | B5: 0 | C5: Winter | D5: Dec-24 | E5: 45646 | F5: 23.01.2025 | G5: 35 | H5: 8650 | I5: 8252 | J5: 398 | K5: 346 | L5: 17204.84 | M5: 238.8 | N5: 2080 | O5: 6960 | P5: 15820 | Q5: 24860 | R5: 1.4449422 | S5: 67.7248 | T5: 213.59962 | U5: 478.64992 | V5: 759.97434 | W5: 9.9302 | X5: 493.77891 | Y5: 483.84871 | Z5: 276.12563 | AA5: 33.461661 | AB5: 284.42412 | AC5: 170.65447 | AD5: 33.770624 | AE5: 2.29 | AF5: 1.88238 | AG5: 19.465 | AH5: 16.00023 | AI5: 0.093758047 | AJ5: Dec-24-1 | AK5: 7
A6: 1 | B6: 0 | C6: Übergang | D6: Apr-24 | E6: 45400 | F6: 22.05.2024 | G6: 35 | H6: 8640 | I6: 8261 | J6: 379 | K6: 345.6 | L6: 17631.68 | M6: 227.4 | N6: 2040 | O6: 12000 | P6: 10920 | Q6: 24960 | R6: 1.4156337 | S6: 66.4224 | T6: 368.2752 | U6: 330.39552 | V6: 765.09312 | W6: 9.91872 | X6: 506.02922 | Y6: 496.1105 | Z6: 268.98262 | AA6: 32.56054 | AB6: 276.76459 | AC6: 166.05876 | AD6: 32.861183 | AE6: 1.98 | AF6: 1.62756 | AG6: 16.83 | AH6: 13.83426 | AI6: 0.083309428 | AJ6: Apr-24-1 | AK6: 3
A7: 1 | B7: 0 | C7: Sommer | D7: Jul-24 | E7: 45483 | F7: 13.08.2024 | G7: 35 | H7: 8650 | I7: 8235 | J7: 415 | K7: 346 | L7: 15993.64 | M7: 249 | N7: 1880 | O7: 11820 | P7: 9360 | Q7: 23060 | R7: 1.4418231 | S7: 61.2128 | T7: 362.75107 | U7: 283.19616 | V7: 707.16003 | W7: 9.9302 | X7: 459.01747 | Y7: 449.08727 | Z7: 258.07276 | AA7: 31.338526 | AB7: 266.37747 | AC7: 159.82648 | AD7: 31.627885 | AE7: 3.85 | AF7: 3.1647 | AG7: 32.725 | AH7: 26.89995 | AI7: 0.16830721 | AJ7: Jul-24-1 | AK7: 5

Sheet Variante_Proben
A4: Stall | B4: HE | C4: Season | D4: Umtrieb | E4: Einstalldatum | F4: Ausstalldatum | G4: Mastdauer | H4: Anzahl Tiere eingestallt | I4: Anzahl Tiere ausgestallt | J4: Abgänge | K4: Netto eingestallt_kg | L4: Netto ausgestallt_kg | M4: LU ausgestallt | N4: Abgänge Netto_kg | O4: Futter_1_kg | P4: Futter_2_kg | Q4: Futter_3_kg | R4: Futter_total_kg | S4: FV | T4: N_Futter_1_lg | U4: N_Futter_2_kg | V4: N_Futter_3_kg | W4: Total N_Futter_kg | X4: N_eingestallt_kg | Y4: N_geschlachtet_kg | Z4: N_Produziert_kg | AA4: N_ausgeschieden_kg | AB4: N_ausgeschieden pro Tier_g | AC4: TAN | AD4: N_Ausscheidung pro Tier und Jahr_g | AE4: TAN2 | AF4: NH3-N_gemäss Agrammon_g | AG4: NH3_gemessen_total | AH4: NH3_gemessen_per_LU_und_Tag | AI4: NH3_gemessen_pro_Tier_g | AJ4: NH3-N_gemessen_pro_Tier_g | AK4: NH3_gemessen_pro Tier und Jahr_g | AL4: NH3-N_gemessen_pro Tier und Jahr_g | AM4: Anteil NH3-Emission | AN4: Column1 | AO4: Umtrieb-Stall | AP4: order | AR4: August 2026: Quellen und vorläufige Annahmen
A5: 1 | B5: 0 | C5: Winter | D5: Feb-24 | E5: 45316 | F5: 28.02.2024 | G5: 35 | H5: 8640 | I5: 8440 | J5: 200 | K5: =H5*$D$21 -> 345.6 | L5: 17458.08 | M5: =Table1[[#This Row],[Netto ausgestallt_kg]]/500 -> 34.91616 | N5: =J5*$D$22 -> 120 | O5: 2040 | P5: 8520 | Q5: =6180+11980+3500-6500 -> 15160 | R5: =SUM(O5:Q5) -> 25720 | S5: =R5/L5 -> 1.4732433 | T5: =O5*Fumi!$F$3/1000 -> 66.4224 | U5: =P5*Fumi!$F$4/1000 -> 261.47539 | V5: =Q5*Fumi!$F$5/1000 -> 458.68096 | W5: =SUM(T5:V5) -> 786.57875 | X5: =K5*Geflügelgehalte!$H$6/1000 -> 9.91872 | Y5: =L5*Geflügelgehalte!$H$6/1000 -> 501.0469 | Z5: =Y5-X5 -> 491.12818 | AA5: =W5-Z5 -> 295.45058 | AB5: =Table1[[#This Row],[N_ausgeschieden_kg]]/_xlfn.XLOOKUP(Table1[[#This Row],[Umtrieb-Stall]],$F$21:$F$28,$G$21:$G$28,,0,1)*1000 -> 35.324077 | AC5: =Table1[[#This Row],[N_ausgeschieden pro Tier_g]]*$D$29 -> 21.194446 | AD5: =AB5*$D$23 -> 300.25465 | AE5: =Table1[[#This Row],[N_Ausscheidung pro Tier und Jahr_g]]*$D$29 -> 180.15279 | AF5: =AE5*$D$28 -> 35.650235 | AG5: 20200 | AH5: =Table1[[#This Row],[NH3_gemessen_total]]/Table1[[#This Row],[LU ausgestallt]]/(Table1[[#This Row],[Mastdauer]]-1) -> 17.015549 | AI5: 2.4 | AJ5: =Table1[[#This Row],[NH3_gemessen_pro_Tier_g]]*$D$26 -> 1.9728 | AK5: =AI5*$D$23 -> 20.4 | AL5: =AJ5*$D$23 -> 16.7688 | AM5: =Table1[[#This Row],[NH3-N_gemessen_pro Tier und Jahr_g]]/Table1[[#This Row],[TAN2]] -> 0.09308099 | AN5: =Table1[[#This Row],[NH3-N_gemessen_pro_Tier_g]]/Table1[[#This Row],[TAN]] -> 0.09308099 | AO5: Feb-24-1 | AP5: 1 | AR5: Stall 1 = Halle 9500989; Stall 2 = Halle 9500960.
A6: 2 | B6: 1 | C6: Winter | D6: Feb-24 | E6: 45316 | F6: 29.02.2024 | G6: 36 | H6: 8640 | I6: 8473 | J6: 167 | K6: =H6*$D$21 -> 345.6 | L6: 18722.34 | M6: =Table1[[#This Row],[Netto ausgestallt_kg]]/500 -> 37.44468 | N6: =J6*$D$22 -> 100.2 | O6: 2040 | P6: 8440 | Q6: =2060+6020+12100+3000-7000 -> 16180 | R6: =SUM(O6:Q6) -> 26660 | S6: =R6/L6 -> 1.4239673 | T6: =O6*Fumi!$F$3/1000 -> 66.4224 | U6: =P6*Fumi!$F$4/1000 -> 259.02022 | V6: =Q6*Fumi!$F$5/1000 -> 489.54208 | W6: =SUM(T6:V6) -> 814.9847 | X6: =K6*Geflügelgehalte!$H$6/1000 -> 9.91872 | Y6: =L6*Geflügelgehalte!$H$6/1000 -> 537.33116 | Z6: =Y6-X6 -> 527.41244 | AA6: =W6-Z6 -> 287.57227 | AB6: =Table1[[#This Row],[N_ausgeschieden_kg]]/_xlfn.XLOOKUP(Table1[[#This Row],[Umtrieb-Stall]],$F$21:$F$28,$G$21:$G$28,,0,1)*1000 -> 33.93984 | AC6: =Table1[[#This Row],[N_ausgeschieden pro Tier_g]]*$D$29 -> 20.363904 | AD6: =AB6*$D$23 -> 288.48864 | AE6: =Table1[[#This Row],[N_Ausscheidung pro Tier und Jahr_g]]*$D$29 -> 173.09319 | AF6: =AE6*$D$28 -> 34.253218 | AG6: 9800 | AH6: =Table1[[#This Row],[NH3_gemessen_total]]/Table1[[#This Row],[LU ausgestallt]]/(Table1[[#This Row],[Mastdauer]]-1) -> 7.4776978 | AI6: 1.16 | AJ6: =Table1[[#This Row],[NH3_gemessen_pro_Tier_g]]*$D$26 -> 0.95352 | AK6: =AI6*$D$23 -> 9.86 | AL6: =AJ6*$D$23 -> 8.10492 | AM6: =Table1[[#This Row],[NH3-N_gemessen_pro Tier und Jahr_g]]/Table1[[#This Row],[TAN2]] -> 0.046824027 | AN6: =Table1[[#This Row],[NH3-N_gemessen_pro_Tier_g]]/Table1[[#This Row],[TAN]] -> 0.046824027 | AO6: Feb-24-2 | AP6: 2 | AR6: Tier-/Futtermengen: PDF S. 1, 4-8; Originaldateien im Ordner Mastauswertungen/August 26.
A7: 1 | B7: 0 | C7: Übergang | D7: Apr-24 | E7: 45400 | F7: 22.05.2024 | G7: 35 | H7: 8640 | I7: 8261 | J7: 379 | K7: =H7*$D$21 -> 345.6 | L7: 17631.68 | M7: =Table1[[#This Row],[Netto ausgestallt_kg]]/500 -> 35.26336 | N7: =J7*$D$22 -> 227.4 | O7: 2040 | P7: 12000 | Q7: =5960+5960+4000-5000 -> 10920 | R7: =SUM(O7:Q7) -> 24960 | S7: =R7/L7 -> 1.4156337 | T7: =O7*Fumi!$F$3/1000 -> 66.4224 | U7: =P7*Fumi!$F$4/1000 -> 368.2752 | V7: =Q7*Fumi!$F$5/1000 -> 330.39552 | W7: =SUM(T7:V7) -> 765.09312 | X7: =K7*Geflügelgehalte!$H$6/1000 -> 9.91872 | Y7: =L7*Geflügelgehalte!$H$6/1000 -> 506.02922 | Z7: =Y7-X7 -> 496.1105 | AA7: =W7-Z7 -> 268.98262 | AB7: =Table1[[#This Row],[N_ausgeschieden_kg]]/_xlfn.XLOOKUP(Table1[[#This Row],[Umtrieb-Stall]],$F$21:$F$28,$G$21:$G$28,,0,1)*1000 -> 32.56054 | AC7: =Table1[[#This Row],[N_ausgeschieden pro Tier_g]]*$D$29 -> 19.536324 | AD7: =AB7*$D$23 -> 276.76459 | AE7: =Table1[[#This Row],[N_Ausscheidung pro Tier und Jahr_g]]*$D$29 -> 166.05876 | AF7: =AE7*$D$28 -> 32.861183 | AG7: 16400 | AH7: =Table1[[#This Row],[NH3_gemessen_total]]/Table1[[#This Row],[LU ausgestallt]]/(Table1[[#This Row],[Mastdauer]]-1) -> 13.678587 | AI7: 1.98 | AJ7: =Table1[[#This Row],[NH3_gemessen_pro_Tier_g]]*$D$26 -> 1.62756 | AK7: =AI7*$D$23 -> 16.83 | AL7: =AJ7*$D$23 -> 13.83426 | AM7: =Table1[[#This Row],[NH3-N_gemessen_pro Tier und Jahr_g]]/Table1[[#This Row],[TAN2]] -> 0.083309428 | AN7: =Table1[[#This Row],[NH3-N_gemessen_pro_Tier_g]]/Table1[[#This Row],[TAN]] -> 0.083309428 | AO7: Apr-24-1 | AP7: 3 | AR7: Stall 1: 9500989_27082026.pdf
A8: 2 | B8: 1 | C8: Übergang | D8: Apr-24 | E8: 45400 | F8: 23.05.2024 | G8: 36 | H8: 8640 | I8: 8389 | J8: 251 | K8: =H8*$D$21 -> 345.6 | L8: 18516.78 | M8: =Table1[[#This Row],[Netto ausgestallt_kg]]/500 -> 37.03356 | N8: =J8*$D$22 -> 150.6 | O8: 2040 | P8: 12480 | Q8: =5920+5940+5500-5000 -> 12360 | R8: =SUM(O8:Q8) -> 26880 | S8: =R8/L8 -> 1.4516563 | T8: =O8*Fumi!$F$3/1000 -> 66.4224 | U8: =P8*Fumi!$F$4/1000 -> 383.00621 | V8: =Q8*Fumi!$F$5/1000 -> 373.96416 | W8: =SUM(T8:V8) -> 823.39277 | X8: =K8*Geflügelgehalte!$H$6/1000 -> 9.91872 | Y8: =L8*Geflügelgehalte!$H$6/1000 -> 531.43159 | Z8: =Y8-X8 -> 521.51287 | AA8: =W8-Z8 -> 301.8799 | AB8: =Table1[[#This Row],[N_ausgeschieden_kg]]/_xlfn.XLOOKUP(Table1[[#This Row],[Umtrieb-Stall]],$F$21:$F$28,$G$21:$G$28,,0,1)*1000 -> 35.985207 | AC8: =Table1[[#This Row],[N_ausgeschieden pro Tier_g]]*$D$29 -> 21.591124 | AD8: =AB8*$D$23 -> 305.87426 | AE8: =Table1[[#This Row],[N_Ausscheidung pro Tier und Jahr_g]]*$D$29 -> 183.52456 | AF8: =AE8*$D$28 -> 36.31747 | AG8: 7600 | AH8: =Table1[[#This Row],[NH3_gemessen_total]]/Table1[[#This Row],[LU ausgestallt]]/(Table1[[#This Row],[Mastdauer]]-1) -> 5.8634076 | AI8: 0.91 | AJ8: =Table1[[#This Row],[NH3_gemessen_pro_Tier_g]]*$D$26 -> 0.74802 | AK8: =AI8*$D$23 -> 7.735 | AL8: =AJ8*$D$23 -> 6.35817 | AM8: =Table1[[#This Row],[NH3-N_gemessen_pro Tier und Jahr_g]]/Table1[[#This Row],[TAN2]] -> 0.034644792 | AN8: =Table1[[#This Row],[NH3-N_gemessen_pro_Tier_g]]/Table1[[#This Row],[TAN]] -> 0.034644792 | AO8: Apr-24-2 | AP8: 4 | AR8: Stall 2: 9500960_28082026.pdf
A9: 1 | B9: 0 | C9: Sommer | D9: Jul-24 | E9: 45483 | F9: 13.08.2024 | G9: 35 | H9: 8650 | I9: 8235 | J9: 415 | K9: =H9*$D$21 -> 346 | L9: 15993.64 | M9: =Table1[[#This Row],[Netto ausgestallt_kg]]/500 -> 31.98728 | N9: =J9*$D$22 -> 249 | O9: 1880 | P9: 11820 | Q9: =4440+5920+5000-6000 -> 9360 | R9: =SUM(O9:Q9) -> 23060 | S9: =R9/L9 -> 1.4418231 | T9: =O9*Fumi!$F$3/1000 -> 61.2128 | U9: =P9*Fumi!$F$4/1000 -> 362.75107 | V9: =Q9*Fumi!$F$5/1000 -> 283.19616 | W9: =SUM(T9:V9) -> 707.16003 | X9: =K9*Geflügelgehalte!$H$6/1000 -> 9.9302 | Y9: =L9*Geflügelgehalte!$H$6/1000 -> 459.01747 | Z9: =Y9-X9 -> 449.08727 | AA9: =W9-Z9 -> 258.07276 | AB9: =Table1[[#This Row],[N_ausgeschieden_kg]]/_xlfn.XLOOKUP(Table1[[#This Row],[Umtrieb-Stall]],$F$21:$F$28,$G$21:$G$28,,0,1)*1000 -> 31.338526 | AC9: =Table1[[#This Row],[N_ausgeschieden pro Tier_g]]*$D$29 -> 18.803116 | AD9: =AB9*$D$23 -> 266.37747 | AE9: =Table1[[#This Row],[N_Ausscheidung pro Tier und Jahr_g]]*$D$29 -> 159.82648 | AF9: =AE9*$D$28 -> 31.627885 | AG9: 31900 | AH9: =Table1[[#This Row],[NH3_gemessen_total]]/Table1[[#This Row],[LU ausgestallt]]/(Table1[[#This Row],[Mastdauer]]-1) -> 29.331512 | AI9: 3.85 | AJ9: =Table1[[#This Row],[NH3_gemessen_pro_Tier_g]]*$D$26 -> 3.1647 | AK9: =AI9*$D$23 -> 32.725 | AL9: =AJ9*$D$23 -> 26.89995 | AM9: =Table1[[#This Row],[NH3-N_gemessen_pro Tier und Jahr_g]]/Table1[[#This Row],[TAN2]] -> 0.16830721 | AN9: =Table1[[#This Row],[NH3-N_gemessen_pro_Tier_g]]/Table1[[#This Row],[TAN]] -> 0.16830721 | AO9: Jul-24-1 | AP9: 5 | AR9: Vorläufig: Futter-N aus Laborgehalten 2024 (Fumi F3:F5), vom Nutzer am 29.10.2026 bestätigt.
A10: 2 | B10: 1 | C10: Sommer | D10: Jul-24 | E10: 45483 | F10: 14.08.2024 | G10: 36 | H10: 8650 | I10: 8235 | J10: 415 | K10: =H10*$D$21 -> 346 | L10: 16240.34 | M10: =Table1[[#This Row],[Netto ausgestallt_kg]]/500 -> 32.48068 | N10: =J10*$D$22 -> 249 | O10: 1780 | P10: 12060 | Q10: =4060+5960+7500-8000 -> 9520 | R10: =SUM(O10:Q10) -> 23360 | S10: =R10/L10 -> 1.4383935 | T10: =O10*Fumi!$F$3/1000 -> 57.9568 | U10: =P10*Fumi!$F$4/1000 -> 370.11658 | V10: =Q10*Fumi!$F$5/1000 -> 288.03712 | W10: =SUM(T10:V10) -> 716.1105 | X10: =K10*Geflügelgehalte!$H$6/1000 -> 9.9302 | Y10: =L10*Geflügelgehalte!$H$6/1000 -> 466.09776 | Z10: =Y10-X10 -> 456.16756 | AA10: =W10-Z10 -> 259.94294 | AB10: =Table1[[#This Row],[N_ausgeschieden_kg]]/_xlfn.XLOOKUP(Table1[[#This Row],[Umtrieb-Stall]],$F$21:$F$28,$G$21:$G$28,,0,1)*1000 -> 31.565627 | AC10: =Table1[[#This Row],[N_ausgeschieden pro Tier_g]]*$D$29 -> 18.939376 | AD10: =AB10*$D$23 -> 268.30783 | AE10: =Table1[[#This Row],[N_Ausscheidung pro Tier und Jahr_g]]*$D$29 -> 160.9847 | AF10: =AE10*$D$28 -> 31.857083 | AG10: 10800 | AH10: =Table1[[#This Row],[NH3_gemessen_total]]/Table1[[#This Row],[LU ausgestallt]]/(Table1[[#This Row],[Mastdauer]]-1) -> 9.500153 | AI10: 1.33 | AJ10: =Table1[[#This Row],[NH3_gemessen_pro_Tier_g]]*$D$26 -> 1.09326 | AK10: =AI10*$D$23 -> 11.305 | AL10: =AJ10*$D$23 -> 9.29271 | AM10: =Table1[[#This Row],[NH3-N_gemessen_pro Tier und Jahr_g]]/Table1[[#This Row],[TAN2]] -> 0.057724182 | AN10: =Table1[[#This Row],[NH3-N_gemessen_pro_Tier_g]]/Table1[[#This Row],[TAN]] -> 0.057724182 | AO10: Jul-24-2 | AP10: 6 | AR10: Annahme wie bisher: Anfangs-/Restbestand gehört zum Endmastfutter; Phase im PDF nicht genannt.
A11: 1 | B11: 0 | C11: Winter | D11: Dec-24 | E11: 45646 | F11: 23.01.2025 | G11: 35 | H11: 8650 | I11: 8252 | J11: 398 | K11: =H11*$D$21 -> 346 | L11: 17204.84 | M11: =Table1[[#This Row],[Netto ausgestallt_kg]]/500 -> 34.40968 | N11: =J11*$D$22 -> 238.8 | O11: 2080 | P11: 6960 | Q11: =5920+11900+4000-6000 -> 15820 | R11: =SUM(O11:Q11) -> 24860 | S11: =R11/L11 -> 1.4449422 | T11: =O11*Fumi!$F$3/1000 -> 67.7248 | U11: =P11*Fumi!$F$4/1000 -> 213.59962 | V11: =Q11*Fumi!$F$5/1000 -> 478.64992 | W11: =SUM(T11:V11) -> 759.97434 | X11: =K11*Geflügelgehalte!$H$6/1000 -> 9.9302 | Y11: =L11*Geflügelgehalte!$H$6/1000 -> 493.77891 | Z11: =Y11-X11 -> 483.84871 | AA11: =W11-Z11 -> 276.12563 | AB11: =Table1[[#This Row],[N_ausgeschieden_kg]]/_xlfn.XLOOKUP(Table1[[#This Row],[Umtrieb-Stall]],$F$21:$F$28,$G$21:$G$28,,0,1)*1000 -> 33.461661 | AC11: =Table1[[#This Row],[N_ausgeschieden pro Tier_g]]*$D$29 -> 20.076997 | AD11: =AB11*$D$23 -> 284.42412 | AE11: =Table1[[#This Row],[N_Ausscheidung pro Tier und Jahr_g]]*$D$29 -> 170.65447 | AF11: =AE11*$D$28 -> 33.770624 | AG11: 19000 | AH11: =Table1[[#This Row],[NH3_gemessen_total]]/Table1[[#This Row],[LU ausgestallt]]/(Table1[[#This Row],[Mastdauer]]-1) -> 16.2403 | AI11: 2.29 | AJ11: =Table1[[#This Row],[NH3_gemessen_pro_Tier_g]]*$D$26 -> 1.88238 | AK11: =AI11*$D$23 -> 19.465 | AL11: =AJ11*$D$23 -> 16.00023 | AM11: =Table1[[#This Row],[NH3-N_gemessen_pro Tier und Jahr_g]]/Table1[[#This Row],[TAN2]] -> 0.093758047 | AN11: =Table1[[#This Row],[NH3-N_gemessen_pro_Tier_g]]/Table1[[#This Row],[TAN]] -> 0.093758047 | AO11: Dec-24-1 | AP11: 7 | AR11: Stall 1: 7 000 + 17 920 + 6 000 - 6 000 = 24 920 kg Futter.
A12: 2 | B12: 0 | C12: Winter | D12: Dec-24 | E12: 45646 | F12: 24.01.2025 | G12: 36 | H12: 8650 | I12: 8384 | J12: 266 | K12: =H12*$D$21 -> 346 | L12: 17712.36 | M12: =Table1[[#This Row],[Netto ausgestallt_kg]]/500 -> 35.42472 | N12: =J12*$D$22 -> 159.6 | O12: 2060 | P12: 7020 | Q12: =6040+12000+5000-6000 -> 17040 | R12: =SUM(O12:Q12) -> 26120 | S12: =R12/L12 -> 1.4746764 | T12: =O12*Fumi!$F$3/1000 -> 67.0736 | U12: =P12*Fumi!$F$4/1000 -> 215.44099 | V12: =Q12*Fumi!$F$5/1000 -> 515.56224 | W12: =SUM(T12:V12) -> 798.07683 | X12: =K12*Geflügelgehalte!$H$6/1000 -> 9.9302 | Y12: =L12*Geflügelgehalte!$H$6/1000 -> 508.34473 | Z12: =Y12-X12 -> 498.41453 | AA12: =W12-Z12 -> 299.6623 | AB12: =Table1[[#This Row],[N_ausgeschieden_kg]]/_xlfn.XLOOKUP(Table1[[#This Row],[Umtrieb-Stall]],$F$21:$F$28,$G$21:$G$28,,0,1)*1000 -> 35.742164 | AC12: =Table1[[#This Row],[N_ausgeschieden pro Tier_g]]*$D$29 -> 21.445298 | AD12: =AB12*$D$23 -> 303.80839 | AE12: =Table1[[#This Row],[N_Ausscheidung pro Tier und Jahr_g]]*$D$29 -> 182.28503 | AF12: =AE12*$D$28 -> 36.072183 | AG12: 19000 | AH12: =Table1[[#This Row],[NH3_gemessen_total]]/Table1[[#This Row],[LU ausgestallt]]/(Table1[[#This Row],[Mastdauer]]-1) -> 15.324247 | AI12: 2.29 | AJ12: =Table1[[#This Row],[NH3_gemessen_pro_Tier_g]]*$D$26 -> 1.88238 | AK12: =AI12*$D$23 -> 19.465 | AL12: =AJ12*$D$23 -> 16.00023 | AM12: =Table1[[#This Row],[NH3-N_gemessen_pro Tier und Jahr_g]]/Table1[[#This Row],[TAN2]] -> 0.087775884 | AN12: =Table1[[#This Row],[NH3-N_gemessen_pro_Tier_g]]/Table1[[#This Row],[TAN]] -> 0.087775884 | AO12: Dec-24-2 | AP12: 8 | AR12: Stall 2: 4 000 + 17 920 + 11 800 - 7 500 = 26 220 kg Futter.
A13: 1 | B13: 0 | C13: Sommer | D13: Aug-26 | E13: 46227 | F13: 46261 | G13: 35 | H13: 8730 | I13: 8600 | J13: =H13-I13 -> 130 | K13: =H13*$D$21 -> 349.2 | L13: 18120.24 | M13: =L13/500 -> 36.24048 | N13: =J13*$D$22 -> 78 | O13: 1960 | P13: 12040 | Q13: =3920+4040+1960+7000-6000 -> 10920 | R13: =SUM(O13:Q13) -> 24920 | S13: =R13/L13 -> 1.3752577 | T13: =O13*Fumi!$F$3/1000 -> 63.8176 | U13: =P13*Fumi!$F$4/1000 -> 369.50278 | V13: =Q13*Fumi!$F$5/1000 -> 330.39552 | W13: =SUM(T13:V13) -> 763.7159 | X13: =K13*Geflügelgehalte!$H$6/1000 -> 10.02204 | Y13: =L13*Geflügelgehalte!$H$6/1000 -> 520.05089 | Z13: =Y13-X13 -> 510.02885 | AA13: =W13-Z13 -> 253.68706 | AB13: =AA13/I13*1000 -> 29.498495 | AC13: =AB13*$D$29 -> 17.699097 | AD13: =AB13*$D$23 -> 250.73721 | AE13: =AD13*$D$29 -> 150.44232 | AF13: =AE13*$D$28 -> 29.770864 | AG13: 4850.1936 | AH13: =AG13/M13/(G13-1) -> 3.9362821 | AI13: 0.56342432 | AJ13: =AI13*$D$26 -> 0.46313479 | AK13: =AI13*$D$23 -> 4.7891067 | AL13: =AJ13*$D$23 -> 3.9366457 | AM13: =AL13/AE13 -> 0.026167143 | AN13: =AJ13/AC13 -> 0.026167143 | AO13: Aug-26-1 | AP13: 9 | AR13: N pro Tier: wie in bisherigen R-Zeilen durch ausgestallte Tiere (8 600 bzw. 8 384).
A14: 2 | B14: 0 | C14: Sommer | D14: Aug-26 | E14: 46227 | F14: 46262 | G14: 36 | H14: 8730 | I14: 8384 | J14: =H14-I14 -> 346 | K14: =H14*$D$21 -> 349.2 | L14: 18459.24 | M14: =L14/500 -> 36.91848 | N14: =J14*$D$22 -> 207.6 | O14: 1980 | P14: 12940 | Q14: =3000+11800+4000-7500 -> 11300 | R14: =SUM(O14:Q14) -> 26220 | S14: =R14/L14 -> 1.4204268 | T14: =O14*Fumi!$F$3/1000 -> 64.4688 | U14: =P14*Fumi!$F$4/1000 -> 397.12342 | V14: =Q14*Fumi!$F$5/1000 -> 341.8928 | W14: =SUM(T14:V14) -> 803.48502 | X14: =K14*Geflügelgehalte!$H$6/1000 -> 10.02204 | Y14: =L14*Geflügelgehalte!$H$6/1000 -> 529.78019 | Z14: =Y14-X14 -> 519.75815 | AA14: =W14-Z14 -> 283.72688 | AB14: =AA14/I14*1000 -> 33.841469 | AC14: =AB14*$D$29 -> 20.304881 | AD14: =AB14*$D$23 -> 287.65249 | AE14: =AD14*$D$29 -> 172.59149 | AF14: =AE14*$D$28 -> 34.153939 | AG14: 5020.5014 | AH14: =AG14/M14/(G14-1) -> 3.8853955 | AI14: 0.58361297 | AJ14: =AI14*$D$26 -> 0.47972986 | AK14: =AI14*$D$23 -> 4.9607102 | AL14: =AJ14*$D$23 -> 4.0777038 | AM14: =AL14/AE14 -> 0.023626332 | AN14: =AJ14/AC14 -> 0.023626332 | AO14: Aug-26-2 | AP14: 10 | AR14: NH3: kumulierter Messendwert Tag 33,42 aus ergebnisse_bericht/tabelle5_offsetkampagnen_ungerundet.csv.
AR15: N-Bilanz: ganzer Mastumtrieb (35/36 Tage). NH3-Quote deckt nur Messperiode ab.
AR16: Beide Ställe ohne WRG. N-Jahresfaktor Variante_Proben D23; TAN-Anteil D29.
AR17: Variante_Spring bleibt historische Alternative (andere Futtergehalte, Nenner und Jahresfaktor).
AR18: Detail1/Detail2 sind historische Pivot-Detailauszüge und werden nicht als laufende Eingabe verwendet.
A21: Tiergewicht Einstallung | D21: 0.04 | F21: Feb-24-1 | G21: 8364
A22: Durchhschnittsgewicht Abgang | D22: 0.6 | F22: Feb-24-2 | G22: 8473
A23: Umtriebe pro Jahr | D23: 8.5 | F23: Apr-24-1 | G23: 8261
A24: Ausscheidung gemäss Agrammon | D24: 360 | F24: Apr-24-2 | G24: 8389
A25: NH3 pro Tier und Jahr | D25: 52 | E25: g/Tier und Jahr | F25: Jul-24-1 | G25: 8235
A26: N in NH3 | D26: 0.822 | F26: Jul-24-2 | G26: 8235
A27: NH3-N pro Tier und Jahr | D27: =D25*D26 -> 42.744 | F27: Dec-24-1 | G27: 8252
A28: Umsetzung zu Ammoniak | D28: =(D25*D26)/(D24*D29) -> 0.19788889 | F28: Dec-24-2 | G28: 8384
A29: TAN | D29: 0.6 | F29: Aug-26-1 | G29: =I13 -> 8600
F30: Aug-26-2 | G30: =I14 -> 8384
A36: Umtrieb | B36: (All)
A38: Row Labels | B38: Average of N_Ausscheidung pro Tier und Jahr_g | C38: StdDev of N_Ausscheidung pro Tier und Jahr_g | D38: Average of Anteil NH3-Emission | E38: StdDev of Anteil NH3-Emission | H38: 0.11097135
A39: 1 | B39: 275.71161 | C39: 18.642856 | D39: 0.092924564 | E39: 0.050577334
A40: 2 | B40: 290.82632 | C40: 15.145916 | D40: 0.050119043 | E40: 0.024637619
A41: Grand Total | B41: 283.26897 | C41: 17.885301 | D41: 0.071521804 | E41: 0.043768453
A44: Row Labels | B44: Average of N_Ausscheidung pro Tier und Jahr_g | C44: Average of Anteil NH3-Emission
A45: 1 | B45: 275.71161 | C45: 0.092924564
A46: 2 | B46: 290.82632 | C46: 0.050119043
A47: Grand Total | B47: 283.26897 | C47: 0.071521804

Sheet R
A1: Stall | B1: HE | C1: Season | D1: Umtrieb | E1: Einstalldatum | F1: Ausstalldatum | G1: Mastdauer | H1: Anzahl Tiere eingestallt | I1: Anzahl Tiere ausgestallt | J1: Abgänge | K1: Netto eingestallt_kg | L1: Netto ausgestallt_kg | M1: Abgänge Netto_kg | N1: Futter_1_kg | O1: Futter_2_kg | P1: Futter_3_kg | Q1: Futter_total_kg | R1: FV | S1: N_Futter_1_lg | T1: N_Futter_2_kg | U1: N_Futter_3_kg | V1: Total N_Futter_kg | W1: N_eingestallt_kg | X1: N_geschlachtet_kg | Y1: N_Produziert_kg | Z1: N_ausgeschieden_kg | AA1: N_ausgeschieden pro Tier_g | AB1: N_Ausscheidung pro Tier und Jahr_g | AC1: TAN | AD1: NH3-N_gemäss Agrammon_g | AE1: NH3_gemessen_pro_Tier_g | AF1: NH3-N_gemessen_pro_Tier_g | AG1: NH3_gemessen_pro Tier und Jahr_g | AH1: NH3-N_gemessen_pro Tier und Jahr_g | AI1: Anteil NH3-Emission | AJ1: Bilanzstatus | AK1: Quelle
A2: 1 | B2: 0 | C2: Winter | D2: Feb-24 | E2: 45316 | F2: 28.02.2024 | G2: 35 | H2: 8640 | I2: 8440 | J2: 200 | K2: 345.6 | L2: 17458.08 | M2: 120 | N2: 2040 | O2: 8520 | P2: 15160 | Q2: 25720 | R2: 1.4732433 | S2: 66.4224 | T2: 261.47539 | U2: 458.68096 | V2: 786.57875 | W2: 9.91872 | X2: 501.0469 | Y2: 491.12818 | Z2: 295.45058 | AA2: 35.324077 | AB2: 300.25465 | AC2: 180.15279 | AD2: 35.650235 | AE2: 2.4 | AF2: 1.9728 | AG2: 20.4 | AH2: 16.7688 | AI2: 0.09308099
A3: 2 | B3: 1 | C3: Winter | D3: Feb-24 | E3: 45316 | F3: 29.02.2024 | G3: 36 | H3: 8640 | I3: 8473 | J3: 167 | K3: 345.6 | L3: 18722.34 | M3: 100.2 | N3: 2040 | O3: 8440 | P3: 16180 | Q3: 26660 | R3: 1.4239673 | S3: 66.4224 | T3: 259.02022 | U3: 489.54208 | V3: 814.9847 | W3: 9.91872 | X3: 537.33116 | Y3: 527.41244 | Z3: 287.57227 | AA3: 33.93984 | AB3: 288.48864 | AC3: 173.09319 | AD3: 34.253218 | AE3: 1.16 | AF3: 0.95352 | AG3: 9.86 | AH3: 8.10492 | AI3: 0.046824027
A4: 1 | B4: 0 | C4: Übergang | D4: Apr-24 | E4: 45400 | F4: 22.05.2024 | G4: 35 | H4: 8640 | I4: 8261 | J4: 379 | K4: 345.6 | L4: 17631.68 | M4: 227.4 | N4: 2040 | O4: 12000 | P4: 10920 | Q4: 24960 | R4: 1.4156337 | S4: 66.4224 | T4: 368.2752 | U4: 330.39552 | V4: 765.09312 | W4: 9.91872 | X4: 506.02922 | Y4: 496.1105 | Z4: 268.98262 | AA4: 32.56054 | AB4: 276.76459 | AC4: 166.05876 | AD4: 32.861183 | AE4: 1.98 | AF4: 1.62756 | AG4: 16.83 | AH4: 13.83426 | AI4: 0.083309428
A5: 2 | B5: 1 | C5: Übergang | D5: Apr-24 | E5: 45400 | F5: 23.05.2024 | G5: 36 | H5: 8640 | I5: 8389 | J5: 251 | K5: 345.6 | L5: 18516.78 | M5: 150.6 | N5: 2040 | O5: 12480 | P5: 12360 | Q5: 26880 | R5: 1.4516563 | S5: 66.4224 | T5: 383.00621 | U5: 373.96416 | V5: 823.39277 | W5: 9.91872 | X5: 531.43159 | Y5: 521.51287 | Z5: 301.8799 | AA5: 35.985207 | AB5: 305.87426 | AC5: 183.52456 | AD5: 36.31747 | AE5: 0.91 | AF5: 0.74802 | AG5: 7.735 | AH5: 6.35817 | AI5: 0.034644792
A6: 1 | B6: 0 | C6: Sommer | D6: Jul-24 | E6: 45483 | F6: 13.08.2024 | G6: 35 | H6: 8650 | I6: 8235 | J6: 415 | K6: 346 | L6: 15993.64 | M6: 249 | N6: 1880 | O6: 11820 | P6: 9360 | Q6: 23060 | R6: 1.4418231 | S6: 61.2128 | T6: 362.75107 | U6: 283.19616 | V6: 707.16003 | W6: 9.9302 | X6: 459.01747 | Y6: 449.08727 | Z6: 258.07276 | AA6: 31.338526 | AB6: 266.37747 | AC6: 159.82648 | AD6: 31.627885 | AE6: 3.85 | AF6: 3.1647 | AG6: 32.725 | AH6: 26.89995 | AI6: 0.16830721
A7: 2 | B7: 1 | C7: Sommer | D7: Jul-24 | E7: 45483 | F7: 14.08.2024 | G7: 36 | H7: 8650 | I7: 8235 | J7: 415 | K7: 346 | L7: 16240.34 | M7: 249 | N7: 1780 | O7: 12060 | P7: 9520 | Q7: 23360 | R7: 1.4383935 | S7: 57.9568 | T7: 370.11658 | U7: 288.03712 | V7: 716.1105 | W7: 9.9302 | X7: 466.09776 | Y7: 456.16756 | Z7: 259.94294 | AA7: 31.565627 | AB7: 268.30783 | AC7: 160.9847 | AD7: 31.857083 | AE7: 1.33 | AF7: 1.09326 | AG7: 11.305 | AH7: 9.29271 | AI7: 0.057724182
A8: 1 | B8: 0 | C8: Winter | D8: Dec-24 | E8: 45646 | F8: 23.01.2025 | G8: 35 | H8: 8650 | I8: 8252 | J8: 398 | K8: 346 | L8: 17204.84 | M8: 238.8 | N8: 2080 | O8: 6960 | P8: 15820 | Q8: 24860 | R8: 1.4449422 | S8: 67.7248 | T8: 213.59962 | U8: 478.64992 | V8: 759.97434 | W8: 9.9302 | X8: 493.77891 | Y8: 483.84871 | Z8: 276.12563 | AA8: 33.461661 | AB8: 284.42412 | AC8: 170.65447 | AD8: 33.770624 | AE8: 2.29 | AF8: 1.88238 | AG8: 19.465 | AH8: 16.00023 | AI8: 0.093758047
A9: 2 | B9: 0 | C9: Winter | D9: Dec-24 | E9: 45646 | F9: 24.01.2025 | G9: 36 | H9: 8650 | I9: 8384 | J9: 266 | K9: 346 | L9: 17712.36 | M9: 159.6 | N9: 2060 | O9: 7020 | P9: 17040 | Q9: 26120 | R9: 1.4746764 | S9: 67.0736 | T9: 215.44099 | U9: 515.56224 | V9: 798.07683 | W9: 9.9302 | X9: 508.34473 | Y9: 498.41453 | Z9: 299.6623 | AA9: 35.742164 | AB9: 303.80839 | AC9: 182.28503 | AD9: 36.072183 | AE9: 2.29 | AF9: 1.88238 | AG9: 19.465 | AH9: 16.00023 | AI9: 0.087775884
A10: =Variante_Proben!A13 -> 1 | B10: =Variante_Proben!B13 -> 0 | C10: =Variante_Proben!C13 -> Sommer | D10: =Variante_Proben!D13 -> Aug-26 | E10: =Variante_Proben!E13 -> 46227 | F10: =Variante_Proben!F13 -> 46261 | G10: =Variante_Proben!G13 -> 35 | H10: =Variante_Proben!H13 -> 8730 | ... L10: =Variante_Proben!L13 -> 18120.24 | M10: =Variante_Proben!N13 -> 78 | N10: =Variante_Proben!O13 -> 1960 | O10: =Variante_Proben!P13 -> 12040 | P10: =Variante_Proben!Q13 -> 10920 | Q10: =Variante_Proben!R13 -> 24920 | R10: =Variante_Proben!S13 -> 1.3752577 | S10: =Variante_Proben!T13 -> 63.8176 | T10: =Variante_Proben!U13 -> 369.50278 | ... AA10: =Variante_Proben!AB13 -> 29.498495 | AB10: =Variante_Proben!AD13 -> 250.73721 | AC10: =Variante_Proben!AE13 -> 150.44232 | AD10: =Variante_Proben!AF13 -> 29.770864 | AE10: =Variante_Proben!AI13 -> 0.56342432 | AF10: =Variante_Proben!AJ13 -> 0.46313479 | AG10: =Variante_Proben!AK13 -> 4.7891067 | AH10: =Variante_Proben!AL13 -> 3.9366457 | AI10: =Variante_Proben!AM13 -> 0.026167143 | AJ10: VORLÄUFIG: Futtergehalte 2024, Bestandsfutter als Endmastfutter | AK10: 9500989_27082026.pdf; Variante_Proben Zeile 13
A11: =Variante_Proben!A14 -> 2 | B11: =Variante_Proben!B14 -> 0 | C11: =Variante_Proben!C14 -> Sommer | D11: =Variante_Proben!D14 -> Aug-26 | E11: =Variante_Proben!E14 -> 46227 | F11: =Variante_Proben!F14 -> 46262 | G11: =Variante_Proben!G14 -> 36 | H11: =Variante_Proben!H14 -> 8730 | ... L11: =Variante_Proben!L14 -> 18459.24 | M11: =Variante_Proben!N14 -> 207.6 | N11: =Variante_Proben!O14 -> 1980 | O11: =Variante_Proben!P14 -> 12940 | P11: =Variante_Proben!Q14 -> 11300 | Q11: =Variante_Proben!R14 -> 26220 | R11: =Variante_Proben!S14 -> 1.4204268 | S11: =Variante_Proben!T14 -> 64.4688 | T11: =Variante_Proben!U14 -> 397.12342 | ... AA11: =Variante_Proben!AB14 -> 33.841469 | AB11: =Variante_Proben!AD14 -> 287.65249 | AC11: =Variante_Proben!AE14 -> 172.59149 | AD11: =Variante_Proben!AF14 -> 34.153939 | AE11: =Variante_Proben!AI14 -> 0.58361297 | AF11: =Variante_Proben!AJ14 -> 0.47972986 | AG11: =Variante_Proben!AK14 -> 4.9607102 | AH11: =Variante_Proben!AL14 -> 4.0777038 | AI11: =Variante_Proben!AM14 -> 0.023626332 | AJ11: VORLÄUFIG: Futtergehalte 2024, Bestandsfutter als Endmastfutter | AK11: 9500960_28082026.pdf; Variante_Proben Zeile 14

Sheet Tabelle MT
A1: Umtrieb | B1: Stall | C1: N_eingestallt_kg | D1: N_geschlachtet_kg | E1: N_Produziert_kg | F1: Total N_Futter_kg | G1: N_ausgeschieden_kg | H1: N_ausgeschieden pro Tier_g | I1: N_Ausscheidung pro Tier und Jahr_g | J1: TAN | K1: NH3-N_gemäss Agrammon_g | L1: NH3_gemessen_per_LU_und_Tag | M1: NH3-N_gemessen_pro_Tier_g | N1: NH3-N_gemessen_pro Tier und Jahr_g | O1: Anteil NH3-Emission | P1: Gewichtung | Q1: gewichtete Ausscheidung | R1: gewichtete TAN volatilization | S1: NH3_gemesssen pro LU und Tag
A2: Feb-24 | B2: 1 | C2: 9.91872 | D2: 501.0469 | E2: 491.12818 | F2: 786.57875 | G2: 295.45058 | H2: 35.324077 | I2: 300.25465 | J2: 180.15279 | K2: 35.650235 | L2: 17.015549 | M2: 1.9728 | N2: 16.7688 | O2: 0.09308099 | P2: 0.125 | Q2: =P2*I2 -> 37.531831 | R2: =P2*O2 -> 0.011635124 | S2: =P2*L2 -> 2.1269437
A3: Feb-24 | B3: 2 | C3: 9.91872 | D3: 537.33116 | E3: 527.41244 | F3: 814.9847 | G3: 287.57227 | H3: 33.93984 | I3: 288.48864 | J3: 173.09319 | K3: 34.253218 | L3: 7.4776978 | M3: 0.95352 | N3: 8.10492 | O3: 0.046824027 | P3: 0.125 | Q3: =P3*I3 -> 36.06108 | R3: =P3*O3 -> 0.0058530034 | S3: =P3*L3 -> 0.93471222
A4: Apr-24 | B4: 1 | C4: 9.91872 | D4: 506.02922 | E4: 496.1105 | F4: 765.09312 | G4: 268.98262 | H4: 32.56054 | I4: 276.76459 | J4: 166.05876 | K4: 32.861183 | L4: 13.678587 | M4: 1.62756 | N4: 13.83426 | O4: 0.083309428 | P4: 0.5 | Q4: =P4*I4 -> 138.3823 | R4: =P4*O4 -> 0.041654714 | S4: =P4*L4 -> 6.8392935
A5: Apr-24 | B5: 2 | C5: 9.91872 | D5: 531.43159 | E5: 521.51287 | F5: 823.39277 | G5: 301.8799 | H5: 35.985207 | I5: 305.87426 | J5: 183.52456 | K5: 36.31747 | L5: 5.8634076 | M5: 0.74802 | N5: 6.35817 | O5: 0.034644792 | P5: 0.5 | Q5: =P5*I5 -> 152.93713 | R5: =P5*O5 -> 0.017322396 | S5: =P5*L5 -> 2.9317038
A6: Jul-24 | B6: 1 | C6: 9.9302 | D6: 459.01747 | E6: 449.08727 | F6: 707.16003 | G6: 258.07276 | H6: 31.338526 | I6: 266.37747 | J6: 159.82648 | K6: 31.627885 | L6: 29.331512 | M6: 3.1647 | N6: 26.89995 | O6: 0.16830721 | P6: 0.125 | Q6: =P6*I6 -> 33.297184 | R6: =P6*O6 -> 0.021038402 | S6: =P6*L6 -> 3.666439
A7: Jul-24 | B7: 2 | C7: 9.9302 | D7: 466.09776 | E7: 456.16756 | F7: 716.1105 | G7: 259.94294 | H7: 31.565627 | I7: 268.30783 | J7: 160.9847 | K7: 31.857083 | L7: 9.500153 | M7: 1.09326 | N7: 9.29271 | O7: 0.057724182 | P7: 0.125 | Q7: =P7*I7 -> 33.538479 | R7: =P7*O7 -> 0.0072155228 | S7: =P7*L7 -> 1.1875191
A8: Dec-24 | B8: 1 | C8: 9.9302 | D8: 493.77891 | E8: 483.84871 | F8: 759.97434 | G8: 276.12563 | H8: 33.461661 | I8: 284.42412 | J8: 170.65447 | K8: 33.770624 | L8: 16.2403 | M8: 1.88238 | N8: 16.00023 | O8: 0.093758047 | P8: 0.125 | Q8: =P8*I8 -> 35.553015 | R8: =P8*O8 -> 0.011719756 | S8: =P8*L8 -> 2.0300375
A9: Dec-24 | B9: 2 | C9: 9.9302 | D9: 508.34473 | E9: 498.41453 | F9: 798.07683 | G9: 299.6623 | H9: 35.742164 | I9: 303.80839 | J9: 182.28503 | K9: 36.072183 | L9: 15.324247 | M9: 1.88238 | N9: 16.00023 | O9: 0.087775884 | P9: 0.125 | Q9: =P9*I9 -> 37.976049 | R9: =P9*O9 -> 0.010971985 | S9: =P9*L9 -> 1.9155308
A10: ='R'!D10 -> Aug-26 | B10: ='R'!A10 -> 1 | C10: ='R'!W10 -> 10.02204 | D10: ='R'!X10 -> 520.05089 | E10: ='R'!Y10 -> 510.02885 | F10: ='R'!V10 -> 763.7159 | G10: ='R'!Z10 -> 253.68706 | H10: ='R'!AA10 -> 29.498495 | I10: ='R'!AB10 -> 250.73721 | J10: ='R'!AC10 -> 150.44232 | K10: ='R'!AD10 -> 29.770864 | L10: =Variante_Proben!AH13 -> 3.9362821 | M10: ='R'!AF10 -> 0.46313479 | N10: ='R'!AH10 -> 3.9366457 | O10: ='R'!AI10 -> 0.026167143 | P10: 0.125 | Q10: =P10*I10 -> 31.342151 | R10: =P10*O10 -> 0.0032708928 | S10: =P10*L10 -> 0.49203526
A11: ='R'!D11 -> Aug-26 | B11: ='R'!A11 -> 2 | C11: ='R'!W11 -> 10.02204 | D11: ='R'!X11 -> 529.78019 | E11: ='R'!Y11 -> 519.75815 | F11: ='R'!V11 -> 803.48502 | G11: ='R'!Z11 -> 283.72688 | H11: ='R'!AA11 -> 33.841469 | I11: ='R'!AB11 -> 287.65249 | J11: ='R'!AC11 -> 172.59149 | K11: ='R'!AD11 -> 34.153939 | L11: =Variante_Proben!AH14 -> 3.8853955 | M11: ='R'!AF11 -> 0.47972986 | N11: ='R'!AH11 -> 4.0777038 | O11: ='R'!AI11 -> 0.023626332 | P11: 0.125 | Q11: =P11*I11 -> 35.956561 | R11: =P11*O11 -> 0.0029532914 | S11: =P11*L11 -> 0.48567444
O12: Ausscheidung pro Tier und Jahr
O13: 1 | P13: =SUMIF($B$2:$B$11,O13,$Q$2:$Q$11) -> 276.10648 | Q13: =AVERAGEIF(B2:B11,O13,I2:I11) -> 275.71161 | S13: =SUMIF($B$2:$B$11,O13,$S$2:$S$11) -> 15.154749
O14: 2 | P14: =SUMIF($B$2:$B$11,O14,$Q$2:$Q$11) -> 296.4693 | Q14: =AVERAGEIF(B2:B11,O14,I2:I11) -> 290.82632 | S14: =SUMIF($B$2:$B$11,O14,$S$2:$S$11) -> 7.4551404
O15: 1+2 | P15: =AVERAGE(P13:P14) -> 286.28789 | Q15: =AVERAGE(Q13:Q14) -> 283.26897
O17: NH3-N pro Tier und Jahr
O18: 1 | P18: =SUMIF($B$2:$B$11,O18,$R$2:$R$11) -> 0.089318888 | Q18: =AVERAGEIF(B2:B11,O18,O2:O11) -> 0.092924564
O19: 2 | P19: =SUMIF($B$2:$B$11,O19,$R$2:$R$11) -> 0.044316199 | Q19: =AVERAGEIF(B2:B11,O19,O2:O11) -> 0.050119043 | R19: =Q19/Q18 -> 0.53935193 | S19: =1-R19 -> 0.46064807
O20: 1+2 | P20: =AVERAGE(O2:O8) -> 0.08252124

Sheet Variante_Spring
A4: Stall | B4: HE | C4: Season | D4: Umtrieb | E4: Einstalldatum | F4: Ausstalldatum | G4: Mastdauer | H4: Anzahl Tiere eingestallt | I4: Anzahl Tiere ausgestallt | J4: Abgänge | K4: Netto eingestallt_kg | L4: Netto ausgestallt_kg | M4: Abgänge Netto_kg | N4: Futter_1_kg | O4: Futter_2_kg | P4: Futter_3_kg | Q4: Futter_total_kg | R4: FV | S4: N_Futter_1_lg | T4: N_Futter_2_kg | U4: N_Futter_3_kg | V4: Total N_Futter_kg | W4: N_eingestallt_kg | X4: N_geschlachtet_kg | Y4: N_Produziert_kg | Z4: N_ausgeschieden_kg | AA4: N_ausgeschieden pro Tier_g | AB4: N_Ausscheidung pro Tier und Jahr_g | AC4: TAN | AD4: NH3-N_gemäss Agrammon_g | AE4: NH3_gemessen_pro_Tier_g | AF4: NH3-N_gemessen_pro_Tier_g | AG4: NH3_gemessen_pro Tier und Jahr_g | AH4: NH3-N_gemessen_pro Tier und Jahr_g | AI4: Anteil NH3-Emission | AK4: August 2026 vorläufig: bisherige Herstellergehalte 2024; Bestandsfutter als Endmastfutter.
A5: 1 | B5: 0 | C5: Sommer | D5: Jul-24 | E5: 10.07.2024 | F5: 13.08.2024 | G5: 35 | H5: 8650 | I5: 8235 | J5: 415 | K5: =H5*$D$21 -> 346 | L5: 15993.64 | M5: =J5*$D$22 -> 249 | N5: 1880 | O5: 11820 | P5: =4440+5920+5000-6000 -> 9360 | Q5: =SUM(N5:P5) -> 23060 | R5: =Q5/L5 -> 1.4418231 | S5: =N5*Fumi!$F$12/1000 -> 61.48352 | T5: =O5*Fumi!$F$13/1000 -> 366.13632 | U5: =P5*Fumi!$F$14/1000 -> 267.92064 | V5: =SUM(S5:U5) -> 695.54048 | W5: =K5*Geflügelgehalte!$H$6/1000 -> 9.9302 | X5: =L5*Geflügelgehalte!$H$6/1000 -> 459.01747 | Y5: =X5-W5 -> 449.08727 | Z5: =V5-Y5 -> 246.45321 | AA5: =Z5/(H5+J5/2)*1000 -> 27.824241 | AB5: =AA5*$D$23 -> 250.41817 | AC5: =Table14[[#This Row],[N_Ausscheidung pro Tier und Jahr_g]]*$D$29 -> 150.2509 | AD5: =AC5*$D$28 -> 29.732984 | AE5: 3.85 | AF5: =Table14[[#This Row],[NH3_gemessen_pro_Tier_g]]*$D$26 -> 3.1647 | AG5: =AE5*$D$23 -> 34.65 | AH5: =AF5*$D$23 -> 28.4823 | AI5: =Table14[[#This Row],[NH3-N_gemessen_pro Tier und Jahr_g]]/Table14[[#This Row],[TAN]] -> 0.18956492
A6: 1 | B6: 0 | C6: Übergang | D6: Apr-24 | E6: 18.04.2024 | F6: 22.05.2024 | G6: 35 | H6: 8640 | I6: 8261 | J6: 379 | K6: =H6*$D$21 -> 345.6 | L6: 17631.68 | M6: =J6*$D$22 -> 227.4 | N6: 2040 | O6: 12000 | P6: =5960+5960+4000-5000 -> 10920 | Q6: =SUM(N6:P6) -> 24960 | R6: =Q6/L6 -> 1.4156337 | S6: =N6*Fumi!$F$12/1000 -> 66.71616 | T6: =O6*Fumi!$F$13/1000 -> 371.712 | U6: =P6*Fumi!$F$14/1000 -> 312.57408 | V6: =SUM(S6:U6) -> 751.00224 | W6: =K6*Geflügelgehalte!$H$6/1000 -> 9.91872 | X6: =L6*Geflügelgehalte!$H$6/1000 -> 506.02922 | Y6: =X6-W6 -> 496.1105 | Z6: =V6-Y6 -> 254.89174 | AA6: =Z6/(H6+J6/2)*1000 -> 28.868197 | AB6: =AA6*$D$23 -> 259.81377 | AC6: =Table14[[#This Row],[N_Ausscheidung pro Tier und Jahr_g]]*$D$29 -> 155.88826 | AD6: =AC6*$D$28 -> 30.848555 | AE6: 1.98 | AF6: =Table14[[#This Row],[NH3_gemessen_pro_Tier_g]]*$D$26 -> 1.62756 | AG6: =AE6*$D$23 -> 17.82 | AH6: =AF6*$D$23 -> 14.64804 | AI6: =Table14[[#This Row],[NH3-N_gemessen_pro Tier und Jahr_g]]/Table14[[#This Row],[TAN]] -> 0.093964996
A7: 1 | B7: 0 | C7: Winter | D7: Feb-24 | E7: 25.01.2024 | F7: 28.02.2024 | G7: 35 | H7: 8640 | I7: 8440 | J7: 200 | K7: =H7*$D$21 -> 345.6 | L7: 17458.08 | M7: =J7*$D$22 -> 120 | N7: 2040 | O7: 8520 | P7: =6180+11980+3500-6500 -> 15160 | Q7: =SUM(N7:P7) -> 25720 | R7: =Q7/L7 -> 1.4732433 | S7: =N7*Fumi!$F$12/1000 -> 66.71616 | T7: =O7*Fumi!$F$13/1000 -> 263.91552 | U7: =P7*Fumi!$F$14/1000 -> 433.93984 | V7: =SUM(S7:U7) -> 764.57152 | W7: =K7*Geflügelgehalte!$H$6/1000 -> 9.91872 | X7: =L7*Geflügelgehalte!$H$6/1000 -> 501.0469 | Y7: =X7-W7 -> 491.12818 | Z7: =V7-Y7 -> 273.44334 | AA7: =Z7/(H7+J7/2)*1000 -> 31.286424 | AB7: =AA7*$D$23 -> 281.57781 | AC7: =Table14[[#This Row],[N_Ausscheidung pro Tier und Jahr_g]]*$D$29 -> 168.94669 | AD7: =AC7*$D$28 -> 33.432672 | AE7: 2.54 | AF7: =Table14[[#This Row],[NH3_gemessen_pro_Tier_g]]*$D$26 -> 2.08788 | AG7: =AE7*$D$23 -> 22.86 | AH7: =AF7*$D$23 -> 18.79092 | AI7: =Table14[[#This Row],[NH3-N_gemessen_pro Tier und Jahr_g]]/Table14[[#This Row],[TAN]] -> 0.11122396
A8: 1 | B8: 0 | C8: Winter | D8: Dec-24 | E8: 20.12.2024 | F8: 23.01.2025 | G8: 35 | H8: 8650 | I8: 8252 | J8: 398 | K8: =H8*$D$21 -> 346 | L8: 17204.84 | M8: =J8*$D$22 -> 238.8 | N8: 2080 | O8: 6960 | P8: =5920+11900+4000-6000 -> 15820 | Q8: =SUM(N8:P8) -> 24860 | R8: =Q8/L8 -> 1.4449422 | S8: =N8*Fumi!$F$12/1000 -> 68.02432 | T8: =O8*Fumi!$F$13/1000 -> 215.59296 | U8: =P8*Fumi!$F$14/1000 -> 452.83168 | V8: =SUM(S8:U8) -> 736.44896 | W8: =K8*Geflügelgehalte!$H$6/1000 -> 9.9302 | X8: =L8*Geflügelgehalte!$H$6/1000 -> 493.77891 | Y8: =X8-W8 -> 483.84871 | Z8: =V8-Y8 -> 252.60025 | AA8: =Z8/(H8+J8/2)*1000 -> 28.545627 | AB8: =AA8*$D$23 -> 256.91064 | AC8: =Table14[[#This Row],[N_Ausscheidung pro Tier und Jahr_g]]*$D$29 -> 154.14638 | AD8: =AC8*$D$28 -> 30.503857 | AE8: 2.29 | AF8: =Table14[[#This Row],[NH3_gemessen_pro_Tier_g]]*$D$26 -> 1.88238 | AG8: =AE8*$D$23 -> 20.61 | AH8: =AF8*$D$23 -> 16.94142 | AI8: =Table14[[#This Row],[NH3-N_gemessen_pro Tier und Jahr_g]]/Table14[[#This Row],[TAN]] -> 0.10990475
A9: 2 | B9: 0 | C9: Winter | D9: Dec-24 | E9: 20.12.2024 | F9: 24.01.2025 | G9: 36 | H9: 8650 | I9: 8384 | J9: 266 | K9: =H9*$D$21 -> 346 | L9: 17712.36 | M9: =J9*$D$22 -> 159.6 | N9: 2060 | O9: 7020 | P9: =6040+12000+5000-6000 -> 17040 | Q9: =SUM(N9:P9) -> 26120 | R9: =Q9/L9 -> 1.4746764 | S9: =N9*Fumi!$F$12/1000 -> 67.37024 | T9: =O9*Fumi!$F$13/1000 -> 217.45152 | U9: =P9*Fumi!$F$14/1000 -> 487.75296 | V9: =SUM(S9:U9) -> 772.57472 | W9: =K9*Geflügelgehalte!$H$6/1000 -> 9.9302 | X9: =L9*Geflügelgehalte!$H$6/1000 -> 508.34473 | Y9: =X9-W9 -> 498.41453 | Z9: =V9-Y9 -> 274.16019 | AA9: =Z9/(H9+J9/2)*1000 -> 31.214868 | AB9: =AA9*$D$23 -> 280.93381 | AC9: =Table14[[#This Row],[N_Ausscheidung pro Tier und Jahr_g]]*$D$29 -> 168.56029 | AD9: =AC9*$D$28 -> 33.356208 | AE9: 2.29 | AF9: =Table14[[#This Row],[NH3_gemessen_pro_Tier_g]]*$D$26 -> 1.88238 | AG9: =AE9*$D$23 -> 20.61 | AH9: =AF9*$D$23 -> 16.94142 | AI9: =Table14[[#This Row],[NH3-N_gemessen_pro Tier und Jahr_g]]/Table14[[#This Row],[TAN]] -> 0.10050659
A10: 2 | B10: 1 | C10: Sommer | D10: Jul-24 | E10: 10.07.2024 | F10: 14.08.2024 | G10: 36 | H10: 8650 | I10: 8235 | J10: 415 | K10: =H10*$D$21 -> 346 | L10: 16240.34 | M10: =J10*$D$22 -> 249 | N10: 1780 | O10: 12060 | P10: =4060+5960+7500-8000 -> 9520 | Q10: =SUM(N10:P10) -> 23360 | R10: =Q10/L10 -> 1.4383935 | S10: =N10*Fumi!$F$12/1000 -> 58.21312 | T10: =O10*Fumi!$F$13/1000 -> 373.57056 | U10: =P10*Fumi!$F$14/1000 -> 272.50048 | V10: =SUM(S10:U10) -> 704.28416 | W10: =K10*Geflügelgehalte!$H$6/1000 -> 9.9302 | X10: =L10*Geflügelgehalte!$H$6/1000 -> 466.09776 | Y10: =X10-W10 -> 456.16756 | Z10: =V10-Y10 -> 248.1166 | AA10: =Z10/(H10+J10/2)*1000 -> 28.012035 | AB10: =AA10*$D$23 -> 252.10832 | AC10: =Table14[[#This Row],[N_Ausscheidung pro Tier und Jahr_g]]*$D$29 -> 151.26499 | AD10: =AC10*$D$28 -> 29.933661 | AE10: 1.33 | AF10: =Table14[[#This Row],[NH3_gemessen_pro_Tier_g]]*$D$26 -> 1.09326 | AG10: =AE10*$D$23 -> 11.97 | AH10: =AF10*$D$23 -> 9.83934 | AI10: =Table14[[#This Row],[NH3-N_gemessen_pro Tier und Jahr_g]]/Table14[[#This Row],[TAN]] -> 0.065047041
A11: 2 | B11: 1 | C11: Übergang | D11: Apr-24 | E11: 18.04.2024 | F11: 23.05.2024 | G11: 36 | H11: 8640 | I11: 8389 | J11: 251 | K11: =H11*$D$21 -> 345.6 | L11: 18516.78 | M11: =J11*$D$22 -> 150.6 | N11: 2040 | O11: 12480 | P11: =5920+5940+5500-5000 -> 12360 | Q11: =SUM(N11:P11) -> 26880 | R11: =Q11/L11 -> 1.4516563 | S11: =N11*Fumi!$F$12/1000 -> 66.71616 | T11: =O11*Fumi!$F$13/1000 -> 386.58048 | U11: =P11*Fumi!$F$14/1000 -> 353.79264 | V11: =SUM(S11:U11) -> 807.08928 | W11: =K11*Geflügelgehalte!$H$6/1000 -> 9.91872 | X11: =L11*Geflügelgehalte!$H$6/1000 -> 531.43159 | Y11: =X11-W11 -> 521.51287 | Z11: =V11-Y11 -> 285.57641 | AA11: =Z11/(H11+J11/2)*1000 -> 32.579592 | AB11: =AA11*$D$23 -> 293.21633 | AC11: =Table14[[#This Row],[N_Ausscheidung pro Tier und Jahr_g]]*$D$29 -> 175.9298 | AD11: =AC11*$D$28 -> 34.814552 | AE11: 0.91 | AF11: =Table14[[#This Row],[NH3_gemessen_pro_Tier_g]]*$D$26 -> 0.74802 | AG11: =AE11*$D$23 -> 8.19 | AH11: =AF11*$D$23 -> 6.73218 | AI11: =Table14[[#This Row],[NH3-N_gemessen_pro Tier und Jahr_g]]/Table14[[#This Row],[TAN]] -> 0.038266286
A12: 2 | B12: 1 | C12: Winter | D12: Feb-24 | E12: 25.01.2024 | F12: 29.02.2024 | G12: 36 | H12: 8640 | I12: 8473 | J12: 167 | K12: =H12*$D$21 -> 345.6 | L12: 18722.34 | M12: =J12*$D$22 -> 100.2 | N12: 2040 | O12: 8440 | P12: =2060+6020+12100+3000-7000 -> 16180 | Q12: =SUM(N12:P12) -> 26660 | R12: =Q12/L12 -> 1.4239673 | S12: =N12*Fumi!$F$12/1000 -> 66.71616 | T12: =O12*Fumi!$F$13/1000 -> 261.43744 | U12: =P12*Fumi!$F$14/1000 -> 463.13632 | V12: =SUM(S12:U12) -> 791.28992 | W12: =K12*Geflügelgehalte!$H$6/1000 -> 9.91872 | X12: =L12*Geflügelgehalte!$H$6/1000 -> 537.33116 | Y12: =X12-W12 -> 527.41244 | Z12: =V12-Y12 -> 263.87748 | AA12: =Z12/(H12+J12/2)*1000 -> 30.249038 | AB12: =AA12*$D$23 -> 272.24134 | AC12: =Table14[[#This Row],[N_Ausscheidung pro Tier und Jahr_g]]*$D$29 -> 163.3448 | AD12: =AC12*$D$28 -> 32.324122 | AE12: 1.2 | AF12: =Table14[[#This Row],[NH3_gemessen_pro_Tier_g]]*$D$26 -> 0.9864 | AG12: =AE12*$D$23 -> 10.8 | AH12: =AF12*$D$23 -> 8.8776 | AI12: =Table14[[#This Row],[NH3-N_gemessen_pro Tier und Jahr_g]]/Table14[[#This Row],[TAN]] -> 0.054348836
A13: 1 | B13: 0 | C13: Sommer | D13: Aug-26 | E13: 46227 | F13: 46261 | G13: 35 | H13: 8730 | I13: 8600 | J13: =H13-I13 -> 130 | K13: =H13*$D$21 -> 349.2 | L13: 18120.24 | M13: =J13*$D$22 -> 78 | N13: 1960 | O13: 12040 | P13: =3920+4040+1960+7000-6000 -> 10920 | Q13: =SUM(N13:P13) -> 24920 | R13: =Q13/L13 -> 1.3752577 | S13: =N13*Fumi!$F$12/1000 -> 64.09984 | T13: =O13*Fumi!$F$13/1000 -> 372.95104 | U13: =P13*Fumi!$F$14/1000 -> 312.57408 | V13: =SUM(S13:U13) -> 749.62496 | W13: =K13*Geflügelgehalte!$H$6/1000 -> 10.02204 | X13: =L13*Geflügelgehalte!$H$6/1000 -> 520.05089 | Y13: =X13-W13 -> 510.02885 | Z13: =V13-Y13 -> 239.59611 | AA13: =Z13/(H13+J13/2)*1000 -> 27.242309 | AB13: =AA13*$D$23 -> 245.18079 | AC13: =AB13*$D$29 -> 147.10847 | AD13: =AC13*$D$28 -> 29.111132 | AE13: 0.56342432 | AF13: =AE13*$D$26 -> 0.46313479 | AG13: =AE13*$D$23 -> 5.0708189 | AH13: =AF13*$D$23 -> 4.1682131 | AI13: =AH13/AC13 -> 0.028334283
A14: 2 | B14: 0 | C14: Sommer | D14: Aug-26 | E14: 46227 | F14: 46262 | G14: 36 | H14: 8730 | I14: 8384 | J14: =H14-I14 -> 346 | K14: =H14*$D$21 -> 349.2 | L14: 18459.24 | M14: =J14*$D$22 -> 207.6 | N14: 1980 | O14: 12940 | P14: =3000+11800+4000-7500 -> 11300 | Q14: =SUM(N14:P14) -> 26220 | R14: =Q14/L14 -> 1.4204268 | S14: =N14*Fumi!$F$12/1000 -> 64.75392 | T14: =O14*Fumi!$F$13/1000 -> 400.82944 | U14: =P14*Fumi!$F$14/1000 -> 323.4512 | V14: =SUM(S14:U14) -> 789.03456 | W14: =K14*Geflügelgehalte!$H$6/1000 -> 10.02204 | X14: =L14*Geflügelgehalte!$H$6/1000 -> 529.78019 | Y14: =X14-W14 -> 519.75815 | Z14: =V14-Y14 -> 269.27641 | AA14: =Z14/(H14+J14/2)*1000 -> 30.245581 | AB14: =AA14*$D$23 -> 272.21023 | AC14: =AB14*$D$29 -> 163.32614 | AD14: =AC14*$D$28 -> 32.320428 | AE14: 0.58361297 | AF14: =AE14*$D$26 -> 0.47972986 | AG14: =AE14*$D$23 -> 5.2525167 | AH14: =AF14*$D$23 -> 4.3175687 | AI14: =AH14/AC14 -> 0.026435259
A21: Tiergewicht Einstallung | D21: 0.04
A22: Durchhschnittsgewicht Abgang | D22: 0.6
A23: Umtriebe pro Jahr | D23: 9
A24: Ausscheidung gemäss Agrammon | D24: 360
A25: NH3 pro Tier und Jahr | D25: 52 | E25: g/Tier und Jahr
A26: N in NH3 | D26: 0.822
A27: NH3-N pro Tier und Jahr | D27: =D25*D26 -> 42.744
A28: Umsetzung zu Ammoniak | D28: =(D25*D26)/(D24*D29) -> 0.19788889
A29: TAN | D29: 0.6

Sheet Fumi
A2: Futter | B2: Phase | C2: DM | D2: UEG MJ | E2: CP | F2: N | G2: P | H2: Jahr | I2: Analyse
A3: Starter | B3: 1 | C3: 89.633333 | E3: 203.5 | F3: =E3/6.25 -> 32.56 | G3: 6.4 | H3: 2024 | I3: Labor
A4: Mast | B4: 2 | C4: 89.066667 | E4: 191.81 | F4: =E4/6.25 -> 30.6896 | G4: 6 | H4: 2024 | I4: Labor
A5: End | B5: 3 | C5: 89.2 | E5: 189.1 | F5: =E5/6.25 -> 30.256 | G5: 5.8 | H5: 2024 | I5: Labor
A6: Impex Start | B6: 1 | C6: 88 | D6: 12.6 | E6: 210 | F6: =E6/6.25 -> 33.6 | G6: 6 | H6: ? | I6: ?
A7: Impex Mast | B7: 2 | C7: 88 | D7: 13 | E7: 195 | F7: =E7/6.25 -> 31.2 | G7: 5 | H7: ? | I7: ?
A8: Impex End | B8: 3 | C8: 88 | D8: 13.2 | E8: 180 | F8: =E8/6.25 -> 28.8 | G8: 4.5 | H8: ? | I8: ?
A9: Agroscope Start | B9: 1 | D9: 12.6 | E9: 223 | F9: =E9/6.25 -> 35.68 | G9: 6.5 | H9: 2013 | I9: Hersteller
A10: Agroscope Mast | B10: 2 | D10: 13 | E10: 191 | F10: =E10/6.25 -> 30.56 | G10: 5.6 | H10: 2013 | I10: Hersteller
A11: Agroscope End | B11: 3 | D11: 13 | E11: 192 | F11: =E11/6.25 -> 30.72 | G11: 5.5 | H11: 2013 | I11: Hersteller
A12: Spring Start | B12: 1 | D12: 12.46 | E12: 204.4 | F12: =E12/6.25 -> 32.704 | G12: 5.89 | H12: 2024 | I12: Hersteller
A13: Spring Mast | B13: 2 | D13: 12.73 | E13: 193.6 | F13: =E13/6.25 -> 30.976 | G13: 5.03 | H13: 2024 | I13: Hersteller
A14: Spring End | B14: 3 | D14: 12.86 | E14: 178.9 | F14: =E14/6.25 -> 28.624 | G14: 4.46 | H14: 2024 | I14: Hersteller
A18: Row Labels | B18: Average of CP | C18: StdDev of CP
A19: 1 | B19: 210.225 | C19: 8.9890211
A20: 2 | B20: 192.8525 | C20: 1.7971343
A21: 3 | B21: 185 | C21: 6.5324829
A22: Grand Total | B22: 196.02583 | C22: 12.479576

Sheet Geflügelgehalte
C2: Pro kg LG | H2: Pro kg SG
C3: Ø | D3: Abw | E3: Min | F3: Median | G3: Max | H3: Ø | I3: Abw | J3: Min | K3: Median | L3: Max
A4: TS | B4: [g] | H4: 350 | I4: 19 | J4: 323 | K4: 346 | L4: 391
A5: RP | B5: [g] | C5: 523 | D5: 28 | E5: 473 | F5: 517 | G5: 583 | H5: 183 | I5: 10 | J5: 169 | K5: 181 | L5: 200
A6: N | B6: [g] | C6: 82 | D6: 4.3 | E6: 74.2 | F6: 81 | G6: 91.4 | H6: 28.7 | I6: 1.5 | J6: 26.4 | K6: 28.4 | L6: 31.4
A7: RA | B7: [g] | C7: 81.6 | D7: 6.9 | E7: 70 | F7: 80.8 | G7: 98.7 | H7: 28.6 | I7: 2.7 | J7: 24 | K7: 27.8 | L7: 34.8
A8: Ca | B8: [g] | C8: 19.8 | D8: 2.3 | E8: 15.7 | F8: 19.4 | G8: 25.2 | H8: 6.9 | I8: 0.9 | J8: 5.2 | K8: 6.7 | L8: 8.9
A9: P | B9: [g] | C9: 16.4 | D9: 1.9 | E9: 13.8 | F9: 16 | G9: 21.8 | H9: 5.7 | I9: 0.7 | J9: 4.7 | K9: 5.6 | L9: 7.7
A10: Mg | B10: [g] | C10: 0.98 | D10: 0.06 | E10: 0.87 | F10: 0.97 | G10: 1.11 | H10: 0.34 | I10: 0.02 | J10: 0.31 | K10: 0.35 | L10: 0.39
A11: K | B11: [g] | C11: 7.5 | D11: 0.56 | E11: 6.18 | F11: 7.55 | G11: 8.48 | H11: 2.62 | I11: 0.11 | J11: 2.36 | K11: 2.6 | L11: 2.83
A12: Na | B12: [g] | C12: 3.16 | D12: 0.32 | E12: 2.61 | F12: 3.12 | G12: 3.76 | H12: 1.1 | I12: 0.07 | J12: 0.92 | K12: 1.09 | L12: 1.23
A13: Cu | B13: [mg] | C13: 5.15 | D13: 1.41 | E13: 2.83 | F13: 5.08 | G13: 7.41 | H13: 1.8 | I13: 0.49 | J13: 0.97 | K13: 1.69 | L13: 2.79
A14: Fe | B14: [mg] | C14: 236 | D14: 155 | E14: 106 | F14: 168 | G14: 654 | H14: 82 | I14: 53 | J14: 40 | K14: 59 | L14: 218
A15: Mn | B15: [mg] | C15: 9.7 | D15: 4 | E15: 3.5 | F15: 10.5 | G15: 17.3 | H15: 3.4 | I15: 1.4 | J15: 1.3 | K15: 3.5 | L15: 6.2
A16: Zn | B16: [mg] | C16: 60.5 | D16: 5.7 | E16: 50.9 | F16: 60.2 | G16: 76 | H16: 21.8 | I16: 4 | J16: 17.8 | K16: 21 | L16: 39.8
